{"processing": {"mean": 307.90765625, "std": 11.657215191002706, "conf_lower": 305.62288405656017, "conf_upper": 310.19242844343984}, "uplink": {"mean": 1.79896728515625, "std": 1.432090169328359, "conf_lower": 1.5182827697065049, "conf_upper": 2.079651800605995}, "downlink": {"mean": 47.87337646484375, "std": 47.82826235565884, "conf_lower": 38.499209298821334, "conf_upper": 57.24754363086617}}