{"processing": {"mean": 31.52086669921875, "std": 39.400440020435944, "conf_lower": 29.078846999690747, "conf_upper": 33.962886398746754}, "uplink": {"mean": 1.691955078125, "std": 1.127702690030298, "conf_lower": 1.622060625605273, "conf_upper": 1.7618495306447268}, "downlink": {"mean": 1.70417822265625, "std": 6.328052051858082, "conf_lower": 1.3119687000656173, "conf_upper": 2.096387745246883}}