{"processing": {"mean": 39.186946614583334, "std": 54.803868303740266, "conf_lower": 30.416662239621157, "conf_upper": 47.95723098954551}, "uplink": {"mean": 8.1118359375, "std": 4.951856958363288, "conf_lower": 7.319388341131747, "conf_upper": 8.904283533868254}, "downlink": {"mean": 5.441217447916666, "std": 12.255498652918371, "conf_lower": 3.4799652285049136, "conf_upper": 7.402469667328419}}