{"processing": {"mean": 487.845556640625, "std": 21.196838690852115, "conf_lower": 474.7078613194737, "conf_upper": 500.98325196177626}, "uplink": {"mean": 9.0178955078125, "std": 3.371160098754302, "conf_lower": 6.92846722550123, "conf_upper": 11.107323790123772}, "downlink": {"mean": 136.9365478515625, "std": 35.118283878354916, "conf_lower": 115.17040996069674, "conf_upper": 158.70268574242823}}