{"processing": {"mean": 90.2773691846902, "std": 128.75285538426104, "conf_lower": 83.77684566229357, "conf_upper": 96.77789270708683}, "uplink": {"mean": 12.800412203985568, "std": 39.6988985936348, "conf_lower": 10.796078992493094, "conf_upper": 14.804745415478042}, "downlink": {"mean": 92.40065258610858, "std": 308.9400568823263, "conf_lower": 76.8027685564266, "conf_upper": 107.99853661579056}}