{"processing": {"mean": 562.447509765625, "std": 169.93791373726665, "conf_lower": 511.6544768918062, "conf_upper": 613.2405426394438}, "uplink": {"mean": 7.538454987281977, "std": 6.881310323588007, "conf_lower": 5.481688408275156, "conf_upper": 9.595221566288798}, "downlink": {"mean": 251.8977561773256, "std": 456.64760025821454, "conf_lower": 115.40957610277238, "conf_upper": 388.3859362518788}}