{"processing": {"mean": 34.749774460565476, "std": 9.521847748254263, "conf_lower": 32.92850303269359, "conf_upper": 36.57104588843736}, "uplink": {"mean": 1.0277134486607142, "std": 0.874190091990282, "conf_lower": 0.8605045750088014, "conf_upper": 1.194922322312627}, "downlink": {"mean": 2.4987025669642855, "std": 0.9641795278152044, "conf_lower": 2.314281152993369, "conf_upper": 2.683123980935202}}