{"processing": {"mean": 27.810800316220238, "std": 35.46102898054854, "conf_lower": 21.02806648212266, "conf_upper": 34.593534150317815}, "uplink": {"mean": 2.0212867373511907, "std": 3.30826362867953, "conf_lower": 1.3885055606214465, "conf_upper": 2.654067914080935}, "downlink": {"mean": 3.844103422619048, "std": 9.259138573202042, "conf_lower": 2.073081140397502, "conf_upper": 5.615125704840594}}