{"processing": {"mean": 468.68869140625, "std": 117.32622265905123, "conf_lower": 445.6931743208632, "conf_upper": 491.68420849163675}, "uplink": {"mean": 4.38358642578125, "std": 3.5959298545300737, "conf_lower": 3.6787971252001195, "conf_upper": 5.088375726362379}, "downlink": {"mean": 120.73772216796876, "std": 73.44364342568694, "conf_lower": 106.34303256719392, "conf_upper": 135.1324117687436}}