{"processing": {"mean": 61.47754716796875, "std": 67.301643747714, "conf_lower": 59.61207505886922, "conf_upper": 63.34301927706828}, "uplink": {"mean": 5.138348388671875, "std": 5.081283401400146, "conf_lower": 4.9975049866997745, "conf_upper": 5.279191790643975}, "downlink": {"mean": 28.824704443359376, "std": 76.17763191272822, "conf_lower": 26.713207015404336, "conf_upper": 30.936201871314417}}