{"processing": {"mean": 1078.2218609052834, "std": 283.14618853953107, "conf_lower": 1021.8745825644322, "conf_upper": 1134.5691392461345}, "uplink": {"mean": 6.79894893685567, "std": 8.13667325363495, "conf_lower": 5.1797168541072995, "conf_upper": 8.41818101960404}, "downlink": {"mean": 130.27815923002578, "std": 86.64563517170072, "conf_lower": 113.03531465132139, "conf_upper": 147.52100380873017}}