{"processing": {"mean": 203.13952088994566, "std": 304.3360682978591, "conf_lower": 195.2732736139437, "conf_upper": 211.00576816594761}, "uplink": {"mean": 5.202989087975544, "std": 7.204135748193486, "conf_lower": 5.0167820651861454, "conf_upper": 5.389196110764942}, "downlink": {"mean": 26.9879248046875, "std": 61.662543813724966, "conf_lower": 25.39411826043217, "conf_upper": 28.581731348942828}}