{"processing": {"mean": 83.23324711990193, "std": 118.67418479626254, "conf_lower": 80.45139078901154, "conf_upper": 86.01510345079232}, "uplink": {"mean": 4.189549230707338, "std": 8.069489683936622, "conf_lower": 4.0003913190448115, "conf_upper": 4.378707142369865}, "downlink": {"mean": 8.991307497195054, "std": 48.49276975413711, "conf_lower": 7.854582448065373, "conf_upper": 10.128032546324736}}