{"processing": {"mean": 685.7809638566869, "std": 129.9093563510348, "conf_lower": 659.3783424829747, "conf_upper": 712.183585230399}, "uplink": {"mean": 5.764435798891129, "std": 7.065861317011847, "conf_lower": 4.328378641251792, "conf_upper": 7.200492956530466}, "downlink": {"mean": 69.77718098958333, "std": 76.35131445133662, "conf_lower": 54.259631650052484, "conf_upper": 85.29473032911417}}