{"processing": {"mean": 679.165036437332, "std": 132.9976665339244, "conf_lower": 652.1347506156252, "conf_upper": 706.1953222590388}, "uplink": {"mean": 5.342550298219086, "std": 9.07478806538385, "conf_lower": 3.498201283898818, "conf_upper": 7.186899312539354}, "downlink": {"mean": 62.94402616767473, "std": 64.12287966853343, "conf_lower": 49.911769209171936, "conf_upper": 75.97628312617752}}