{"processing": {"mean": 85.61378936702098, "std": 126.68351026530041, "conf_lower": 82.64418544131496, "conf_upper": 88.58339329272701}, "uplink": {"mean": 4.185096030275533, "std": 8.063712844359598, "conf_lower": 3.996073534228268, "conf_upper": 4.374118526322798}, "downlink": {"mean": 9.06694209519382, "std": 48.504635012703126, "conf_lower": 7.9299389110618534, "conf_upper": 10.203945279325787}}