{"processing": {"mean": 234.57414306640624, "std": 4.384362039751013, "conf_lower": 233.71482389709658, "conf_upper": 235.4334622357159}, "uplink": {"mean": 6.52449951171875, "std": 2.9651660546518306, "conf_lower": 5.943337644188919, "conf_upper": 7.1056613792485805}, "downlink": {"mean": 27.411357421875, "std": 27.5049325923487, "conf_lower": 22.020489694054465, "conf_upper": 32.80222514969553}}