{"processing": {"mean": 24.91531494140625, "std": 32.03686526430997, "conf_lower": 22.10721148804799, "conf_upper": 27.72341839476451}, "uplink": {"mean": 5.9045029296875, "std": 2.8783854626252543, "conf_lower": 5.652205955841602, "conf_upper": 6.156799903533399}, "downlink": {"mean": 2.70218212890625, "std": 2.276156880394937, "conf_lower": 2.5026718477507868, "conf_upper": 2.9016924100617136}}