{"processing": {"mean": 424.33119873046877, "std": 38.85900948115862, "conf_lower": 416.71497282467163, "conf_upper": 431.9474246362659}, "uplink": {"mean": 2.79598388671875, "std": 1.7137150069819094, "conf_lower": 2.460101917373715, "conf_upper": 3.131865856063785}, "downlink": {"mean": 70.3328173828125, "std": 43.831896553463785, "conf_lower": 61.741923520925056, "conf_upper": 78.92371124469993}}