{"processing": {"mean": 416.38251953125, "std": 34.06773661923121, "conf_lower": 409.70536585040105, "conf_upper": 423.05967321209897}, "uplink": {"mean": 3.45834228515625, "std": 2.592212858152744, "conf_lower": 2.9502779009321487, "conf_upper": 3.9664066693803517}, "downlink": {"mean": 74.93913818359376, "std": 44.18593712781194, "conf_lower": 66.2788536442275, "conf_upper": 83.59942272296001}}