{"processing": {"mean": 54.361868896484374, "std": 53.78798480603827, "conf_lower": 52.87096941954936, "conf_upper": 55.85276837341939}, "uplink": {"mean": 3.13956005859375, "std": 3.327293768595771, "conf_lower": 3.0473338754211157, "conf_upper": 3.2317862417663847}, "downlink": {"mean": 3.046371044921875, "std": 11.086622276205707, "conf_lower": 2.7390712006875986, "conf_upper": 3.353670889156151}}