{"processing": {"mean": 54.9817720703125, "std": 55.56121167860086, "conf_lower": 53.441722155295004, "conf_upper": 56.52182198533}, "uplink": {"mean": 3.111485546875, "std": 2.369206747219838, "conf_lower": 3.0458156930420595, "conf_upper": 3.1771554007079406}, "downlink": {"mean": 3.0537423828125, "std": 10.911136885959465, "conf_lower": 2.751306656047419, "conf_upper": 3.356178109577581}}