{"processing": {"mean": 37.06516689453125, "std": 47.458717397720655, "conf_lower": 35.20481935749131, "conf_upper": 38.925514431571195}, "uplink": {"mean": 2.77321943359375, "std": 2.5381254523894166, "conf_lower": 2.673726744095196, "conf_upper": 2.872712123092304}, "downlink": {"mean": 3.712013671875, "std": 12.67190249226618, "conf_lower": 3.2152842218660984, "conf_upper": 4.208743121883901}}