{"processing": {"mean": 330.26501953125, "std": 18.092589157241193, "conf_lower": 326.7189372177227, "conf_upper": 333.8111018447773}, "uplink": {"mean": 3.77564208984375, "std": 3.7241892655453945, "conf_lower": 3.0457144066357853, "conf_upper": 4.505569773051715}, "downlink": {"mean": 65.84933837890625, "std": 58.49098412026089, "conf_lower": 54.3853161493047, "conf_upper": 77.31336060850781}}