{"processing": {"mean": 58.61421843497984, "std": 80.60982271943077, "conf_lower": 55.22260622459031, "conf_upper": 62.00583064536937}, "uplink": {"mean": 16.608026488695277, "std": 37.60629525669264, "conf_lower": 15.025763113373795, "conf_upper": 18.19028986401676}, "downlink": {"mean": 84.19250162010368, "std": 201.1352115521509, "conf_lower": 75.72985257280438, "conf_upper": 92.65515066740299}}