{"processing": {"mean": 397.62597900390625, "std": 73.20645412158588, "conf_lower": 383.27777765248703, "conf_upper": 411.9741803553255}, "uplink": {"mean": 15.1410400390625, "std": 25.6631210232932, "conf_lower": 10.111160745407762, "conf_upper": 20.170919332717236}, "downlink": {"mean": 300.42298095703126, "std": 299.896851717131, "conf_lower": 241.64427811277866, "conf_upper": 359.2016838012838}}